test_idx,seed,n_iter,batch_size,n_units_hidden,dataset_file
1,1,50,50,32,test_1.csv
2,1,50,50,64,test_2.csv
3,1,50,50,128,test_3.csv
4,1,50,100,32,test_4.csv
5,1,50,100,64,test_5.csv
6,1,50,100,128,test_6.csv
7,1,50,500,32,test_7.csv
8,1,50,500,64,test_8.csv
9,1,50,500,128,test_9.csv
10,1,50,1000,32,test_10.csv
11,1,50,1000,64,test_11.csv
12,1,50,1000,128,test_12.csv
13,1,100,50,32,test_13.csv
14,1,100,50,64,test_14.csv
15,1,100,50,128,test_15.csv
16,1,100,100,32,test_16.csv
17,1,100,100,64,test_17.csv
18,1,100,100,128,test_18.csv
19,1,100,500,32,test_19.csv
20,1,100,500,64,test_20.csv
21,1,100,500,128,test_21.csv
22,1,100,1000,32,test_22.csv
23,1,100,1000,64,test_23.csv
24,1,100,1000,128,test_24.csv
25,1,150,50,32,test_25.csv
26,1,150,50,64,test_26.csv
27,1,150,50,128,test_27.csv
28,1,150,100,32,test_28.csv
29,1,150,100,64,test_29.csv
30,1,150,100,128,test_30.csv
31,1,150,500,32,test_31.csv
32,1,150,500,64,test_32.csv
33,1,150,500,128,test_33.csv
34,1,150,1000,32,test_34.csv
35,1,150,1000,64,test_35.csv
36,1,150,1000,128,test_36.csv
37,1,200,50,32,test_37.csv
38,1,200,50,64,test_38.csv
39,1,200,50,128,test_39.csv
40,1,200,100,32,test_40.csv
41,1,200,100,64,test_41.csv
42,1,200,100,128,test_42.csv
43,1,200,500,32,test_43.csv
44,1,200,500,64,test_44.csv
45,1,200,500,128,test_45.csv
46,1,200,1000,32,test_46.csv
47,1,200,1000,64,test_47.csv
48,1,200,1000,128,test_48.csv
49,25,50,50,32,test_49.csv
50,25,50,50,64,test_50.csv
51,25,50,50,128,test_51.csv
52,25,50,100,32,test_52.csv
53,25,50,100,64,test_53.csv
54,25,50,100,128,test_54.csv
55,25,50,500,32,test_55.csv
56,25,50,500,64,test_56.csv
57,25,50,500,128,test_57.csv
58,25,50,1000,32,test_58.csv
59,25,50,1000,64,test_59.csv
60,25,50,1000,128,test_60.csv
61,25,100,50,32,test_61.csv
62,25,100,50,64,test_62.csv
63,25,100,50,128,test_63.csv
64,25,100,100,32,test_64.csv
65,25,100,100,64,test_65.csv
66,25,100,100,128,test_66.csv
67,25,100,500,32,test_67.csv
68,25,100,500,64,test_68.csv
69,25,100,500,128,test_69.csv
70,25,100,1000,32,test_70.csv
71,25,100,1000,64,test_71.csv
72,25,100,1000,128,test_72.csv
73,25,150,50,32,test_73.csv
74,25,150,50,64,test_74.csv
75,25,150,50,128,test_75.csv
76,25,150,100,32,test_76.csv
77,25,150,100,64,test_77.csv
78,25,150,100,128,test_78.csv
79,25,150,500,32,test_79.csv
80,25,150,500,64,test_80.csv
81,25,150,500,128,test_81.csv
82,25,150,1000,32,test_82.csv
83,25,150,1000,64,test_83.csv
84,25,150,1000,128,test_84.csv
85,25,200,50,32,test_85.csv
86,25,200,50,64,test_86.csv
87,25,200,50,128,test_87.csv
88,25,200,100,32,test_88.csv
89,25,200,100,64,test_89.csv
90,25,200,100,128,test_90.csv
91,25,200,500,32,test_91.csv
92,25,200,500,64,test_92.csv
93,25,200,500,128,test_93.csv
94,25,200,1000,32,test_94.csv
95,25,200,1000,64,test_95.csv
96,25,200,1000,128,test_96.csv
97,42,50,50,32,test_97.csv
98,42,50,50,64,test_98.csv
99,42,50,50,128,test_99.csv
100,42,50,100,32,test_100.csv
101,42,50,100,64,test_101.csv
102,42,50,100,128,test_102.csv
103,42,50,500,32,test_103.csv
104,42,50,500,64,test_104.csv
105,42,50,500,128,test_105.csv
106,42,50,1000,32,test_106.csv
107,42,50,1000,64,test_107.csv
108,42,50,1000,128,test_108.csv
109,42,100,50,32,test_109.csv
110,42,100,50,64,test_110.csv
111,42,100,50,128,test_111.csv
112,42,100,100,32,test_112.csv
113,42,100,100,64,test_113.csv
114,42,100,100,128,test_114.csv
115,42,100,500,32,test_115.csv
116,42,100,500,64,test_116.csv
117,42,100,500,128,test_117.csv
118,42,100,1000,32,test_118.csv
119,42,100,1000,64,test_119.csv
120,42,100,1000,128,test_120.csv
121,42,150,50,32,test_121.csv
122,42,150,50,64,test_122.csv
123,42,150,50,128,test_123.csv
124,42,150,100,32,test_124.csv
125,42,150,100,64,test_125.csv
126,42,150,100,128,test_126.csv
127,42,150,500,32,test_127.csv
128,42,150,500,64,test_128.csv
129,42,150,500,128,test_129.csv
130,42,150,1000,32,test_130.csv
131,42,150,1000,64,test_131.csv
132,42,150,1000,128,test_132.csv
133,42,200,50,32,test_133.csv
134,42,200,50,64,test_134.csv
135,42,200,50,128,test_135.csv
136,42,200,100,32,test_136.csv
137,42,200,100,64,test_137.csv
138,42,200,100,128,test_138.csv
139,42,200,500,32,test_139.csv
140,42,200,500,64,test_140.csv
141,42,200,500,128,test_141.csv
142,42,200,1000,32,test_142.csv
143,42,200,1000,64,test_143.csv
144,42,200,1000,128,test_144.csv
145,100,50,50,32,test_145.csv
146,100,50,50,64,test_146.csv
147,100,50,50,128,test_147.csv
148,100,50,100,32,test_148.csv
149,100,50,100,64,test_149.csv
150,100,50,100,128,test_150.csv
151,100,50,500,32,test_151.csv
152,100,50,500,64,test_152.csv
153,100,50,500,128,test_153.csv
154,100,50,1000,32,test_154.csv
155,100,50,1000,64,test_155.csv
156,100,50,1000,128,test_156.csv
157,100,100,50,32,test_157.csv
158,100,100,50,64,test_158.csv
159,100,100,50,128,test_159.csv
160,100,100,100,32,test_160.csv
161,100,100,100,64,test_161.csv
162,100,100,100,128,test_162.csv
163,100,100,500,32,test_163.csv
164,100,100,500,64,test_164.csv
165,100,100,500,128,test_165.csv
166,100,100,1000,32,test_166.csv
167,100,100,1000,64,test_167.csv
168,100,100,1000,128,test_168.csv
169,100,150,50,32,test_169.csv
170,100,150,50,64,test_170.csv
171,100,150,50,128,test_171.csv
172,100,150,100,32,test_172.csv
173,100,150,100,64,test_173.csv
174,100,150,100,128,test_174.csv
175,100,150,500,32,test_175.csv
176,100,150,500,64,test_176.csv
177,100,150,500,128,test_177.csv
178,100,150,1000,32,test_178.csv
179,100,150,1000,64,test_179.csv
180,100,150,1000,128,test_180.csv
181,100,200,50,32,test_181.csv
182,100,200,50,64,test_182.csv
183,100,200,50,128,test_183.csv
184,100,200,100,32,test_184.csv
185,100,200,100,64,test_185.csv
186,100,200,100,128,test_186.csv
187,100,200,500,32,test_187.csv
188,100,200,500,64,test_188.csv
189,100,200,500,128,test_189.csv
190,100,200,1000,32,test_190.csv
191,100,200,1000,64,test_191.csv
192,100,200,1000,128,test_192.csv
