test_idx,seed,n_iter,batch_size,n_units_hidden,flowmiagan_auc,domias_auc,dcr_auc,accuracy,precision,recall,f1-score
1,1,50,50,32,0.59510605,0.6097279250000001,0.74528693,0.9900769230769231,0.9924682321308675,0.9830907064811594,0.9876414525843105
2,1,50,50,64,0.563842555,0.32129215000000005,0.7951040300000001,0.9985384615384615,0.9977484252180107,0.9986512446331053,0.9981985450063737
3,1,50,50,128,0.581825865,0.80037838,0.78861288,0.9979230769230769,0.9974786148809471,0.9973964105625295,0.9974375020437016
4,1,50,100,32,0.43204084499999995,0.191570825,0.61293723,0.9884615384615385,0.9910985896291102,0.9804782694911364,0.9856112139380495
5,1,50,100,64,0.26068918500000005,0.550880045,0.72256433,0.9975384615384615,0.996075820397407,0.9978718862126486,0.9969687144516188
6,1,50,100,128,0.535740235,0.289816725,0.7439052100000001,0.9976153846153846,0.9973448790052499,0.9967689935272415,0.997056412610606
7,1,50,500,32,0.5424279000000001,0.16937394,0.66475042,0.7176153846153847,0.3588076923076923,0.5,0.4177974830937346
8,1,50,500,64,0.334072245,0.22943846499999998,0.7426741299999999,0.9886153846153846,0.9904988590627848,0.9814115256862701,0.985824817614618
9,1,50,500,128,0.559933565,0.24541472499999994,0.72634227,0.9970769230769231,0.9956679343381367,0.9971372765522133,0.9963991649561486
10,1,50,1000,32,0.492449995,0.10516166499999999,0.37883997,0.7176153846153847,0.3588076923076923,0.5,0.4177974830937346
11,1,50,1000,64,0.53420725,0.36290991499999997,0.7286285399999999,0.9903076923076923,0.9908988704920219,0.9851514416298488,0.9879726866321831
12,1,50,1000,128,0.510585385,0.33765707,0.72098821,0.9942307692307693,0.9926824267139828,0.9930890540620209,0.9928854753959271
13,1,100,50,32,0.544668395,0.7982602900000002,0.76093541,0.9942307692307693,0.9948998025031033,0.9908586824230579,0.9928534858837765
14,1,100,50,64,0.49669763,0.329344655,0.77300703,0.9987692307692307,0.9979110449800478,0.9990598526418222,0.9984833599503662
15,1,100,50,128,0.6080654600000001,0.319659155,0.79051213,0.9985384615384615,0.9983201175491186,0.9980730001341149,0.998196462600158
16,1,100,100,32,0.557755275,0.34358769,0.7338359900000001,0.9936923076923077,0.9934377796955105,0.9909791463770339,0.9921988577605587
17,1,100,100,64,0.40347624,0.29513166,0.72326388,0.9975384615384615,0.9979547581263434,0.9959719400016802,0.9969571709226435
18,1,100,100,128,0.29187748999999996,0.5449242900000001,0.7768453000000002,0.9986153846153846,0.99756031444836,0.9990352663736735,0.9982943412950178
19,1,100,500,32,0.5344466649999999,0.22749242999999997,0.8527548300000001,0.8206923076923077,0.8942953616736667,0.6839158852958903,0.7133600033485319
20,1,100,500,64,0.58154753,0.7943839050000001,0.74467001,0.9970769230769231,0.9968853718596066,0.9958981811972338,0.9963902372724809
21,1,100,500,128,0.446662415,0.3736029250000001,0.7789952899999999,0.9971538461538462,0.9970217161858256,0.9959517775098076,0.9964849397315878
22,1,100,1000,32,0.29128257,0.123483285,0.86764353,0.7176153846153847,0.3588076923076923,0.5,0.4177974830937346
23,1,100,1000,64,0.58863327,0.7127358450000001,0.7354509,0.9969230769230769,0.9969430882917882,0.995460563144092,0.9961983586501202
24,1,100,1000,128,0.55536583,0.27039935,0.76933491,0.9973846153846154,0.9980157658212192,0.9955343219485382,0.996765380047061
25,1,150,50,32,0.62340785,0.19513043500000002,0.75722095,0.9963846153846154,0.9962354925071779,0.9948375698850802,0.9955334420731847
26,1,150,50,64,0.600643885,0.235452165,0.79360776,0.9978461538461538,0.9972611709515109,0.9974254206069544,0.9973432531007448
27,1,150,50,128,0.44774805,0.647838045,0.7657826,0.9980769230769231,0.997586622794725,0.997668815901674,0.9976277086722014
28,1,150,100,32,0.584058475,0.555526085,0.74511025,0.9903076923076923,0.9915812847980647,0.9844905907738598,0.9879564547755613
29,1,150,100,64,0.56761328,0.25435192500000003,0.77657423,0.9974615384615385,0.9973195375668433,0.9964139818310982,0.9968654657688805
30,1,150,100,128,0.55607857,0.75742025,0.80601928,0.9980769230769231,0.9979149360320008,0.9973383904736796,0.9976261392021015
31,1,150,500,32,0.3430723050000001,0.269310755,0.81452424,0.9377692307692308,0.959967486871288,0.8898946466729889,0.9173216360913817
32,1,150,500,64,0.581965775,0.28180454499999996,0.72110724,0.9958461538461538,0.9960248831017517,0.9937189384840768,0.994863517514132
33,1,150,500,128,0.56670174,0.32529643,0.77262976,0.9985384615384615,0.9979924157018825,0.9984034255621094,0.9981976537669682
34,1,150,1000,32,0.5560205699999999,0.67129973,0.74746188,0.9732307692307692,0.9749630833218368,0.9587143414067298,0.966410223124325
35,1,150,1000,64,0.620070135,0.5429398249999999,0.75170016,0.9956153846153846,0.9951196317470885,0.9940537876883473,0.9945849071540678
36,1,150,1000,128,0.17500163999999999,0.29798391500000004,0.75436104,0.9985384615384615,0.9979924157018825,0.9984034255621094,0.9981976537669682
37,1,200,50,32,0.550920705,0.26828314000000003,0.76009677,0.9963076923076923,0.9959344877729326,0.9949491862865039,0.9954402997126073
38,1,200,50,64,0.547975445,0.75090374,0.77174484,0.9983076923076923,0.9978303798833273,0.9979948175533924,0.997912556007728
39,1,200,50,128,0.610350415,0.309021955,0.7936539900000001,0.9982307692307693,0.9978582755810999,0.9977760085268215,0.9978171313705606
40,1,200,100,32,0.36379482500000004,0.35741852500000004,0.7444289399999999,0.9989230769230769,0.9985893251257492,0.9987540134819766,0.9986716265503723
41,1,200,100,64,0.6024421249999999,0.29908823500000004,0.7600342600000001,0.9984615384615385,0.997938392515183,0.9982672228925371,0.9981026368939454
42,1,200,100,128,0.546656355,0.24626132999999997,0.7674967400000001,0.998,0.9981093354296036,0.9969543687331113,0.9975297528840792
43,1,200,500,32,0.456794875,0.18942981,0.65771835,0.9141538461538462,0.9434794484273253,0.8496499478972594,0.8826719014343045
44,1,200,500,64,0.578617945,0.16065578,0.77598912,0.9963846153846154,0.9973235977960577,0.993763687244098,0.9955237635808994
45,1,200,500,128,0.5968007449999999,0.33164599499999997,0.79799526,0.9986923076923077,0.998100495836298,0.998675830901254,0.9983876404130825
46,1,200,1000,32,0.44992940000000003,0.81084003,0.7077221300000001,0.9845384615384616,0.9843179238098827,0.9774144321218834,0.9807893003769774
47,1,200,1000,64,0.5878010749999999,0.159169695,0.77498534,0.9961538461538462,0.9946121142506468,0.9959158763023386,0.9952612797653234
48,1,200,1000,128,0.5437376899999999,0.35234340999999997,0.79943789,0.9984615384615385,0.9981020101785398,0.9981020101785398,0.9981020101785398
49,25,50,50,32,0.37792998499999997,0.164270395,0.71872662,0.9943076923076923,0.9953773866378797,0.9905818533076372,0.9929434552762944
50,25,50,50,64,0.211259655,0.25851744,0.7539121099999999,0.9982307692307693,0.9970470601591086,0.9986020720968078,0.997820726377554
51,25,50,50,128,0.30764248,0.365337215,0.7891256600000001,0.9969230769230769,0.9965307884339694,0.9958735949290851,0.9962015083459728
52,25,50,100,32,0.47036554500000005,0.18860355,0.62535886,0.9883076923076923,0.9912614852157617,0.9799580450809959,0.9854093896366676
53,25,50,100,64,0.28356704,0.5117015699999999,0.7676786200000001,0.9973076923076923,0.9962327824438201,0.9971328527759371,0.9966815302748989
54,25,50,100,128,0.610099315,0.30259331,0.7869315100000001,0.9984615384615385,0.997938392515183,0.9982672228925371,0.9981026368939454
55,25,50,500,32,0.49716081500000003,0.15298694000000002,0.5816294799999999,0.7176153846153847,0.3588076923076923,0.5,0.4177974830937346
56,25,50,500,64,0.427857635,0.61203496,0.7407067399999999,0.9878461538461538,0.9896190889194301,0.9803799244185414,0.9848644617709759
57,25,50,500,128,0.559637255,0.261240575,0.76228582,0.9944615384615385,0.993006875672521,0.9933324493567406,0.9931694928182033
58,25,50,1000,32,0.55484887,0.23033638,0.46959476999999994,0.7156923076923077,0.3585356454720617,0.4986600921856576,0.4171449067431851
59,25,50,1000,64,0.54882485,0.42159748500000005,0.72508171,0.9862307692307692,0.9863518357693232,0.9795848272824883,0.9828948523936389
60,25,50,1000,128,0.576338615,0.3495374,0.74127014,0.9953846153846154,0.9932707901398274,0.9953799131766017,0.9943182056578783
61,25,100,50,32,0.5601549450000001,0.7381330800000001,0.7697106499999999,0.9911538461538462,0.9927702088460755,0.985410575640165,0.9890050885553334
62,25,100,50,64,0.19802738,0.19337178,0.76716951,0.9984615384615385,0.9977754551730335,0.9984324356065344,0.9981032627528224
63,25,100,50,128,0.39227041500000004,0.33636969000000005,0.7836364200000001,0.9973076923076923,0.9971293923544073,0.9962241828489522,0.9966754939972975
64,25,100,100,32,0.555961245,0.79942914,0.76345989,0.9961538461538462,0.9956623381888061,0.9948419936613564,0.9952510990856276
65,25,100,100,64,0.34735205999999996,0.24644469,0.70377616,0.9971538461538462,0.99743663518827,0.9955387457248144,0.9964820212746435
66,25,100,100,128,0.287021515,0.6094578800000001,0.79759285,0.9976153846153846,0.9973448790052499,0.9967689935272415,0.997056412610606
67,25,100,500,32,0.5714211250000001,0.26015538499999996,0.72116321,0.8278461538461539,0.9003968289251939,0.6959218827101274,0.7279335642453646
68,25,100,500,64,0.47878635,0.15428471500000002,0.72470574,0.9956153846153846,0.9956142387948822,0.9935581495463557,0.9945795101049014
69,25,100,500,128,0.540596935,0.21377891499999999,0.7622166699999999,0.9973076923076923,0.9974605505696494,0.9958937574209576,0.9966732877015153
70,25,100,1000,32,0.307818295,0.12048531500000001,0.8417277599999999,0.7173846153846154,0.35877510194660306,0.4998392110622789,0.41771925109737523
71,25,100,1000,64,0.58111723,0.7406680400000001,0.72867841,0.9960769230769231,0.9959373613019002,0.9943753655637895,0.9951525049364938
72,25,100,1000,128,0.5669894950000001,0.30763775,0.78372632,0.9971538461538462,0.9973533074500036,0.9956213520818131,0.996482605765211
73,25,150,50,32,0.385849675,0.34393230500000005,0.7451700800000001,0.9988461538461538,0.9982086210113827,0.9989482362403987,0.9985775643128947
74,25,150,50,64,0.602700085,0.348052375,0.7927654700000001,0.9977692307692307,0.9975348980141668,0.9969587925093876,0.9972463214744378
75,25,150,50,128,0.494741675,0.30294693500000003,0.7846445700000001,0.9983846153846154,0.9982125136958302,0.9978005947949702,0.9980062868567178
76,25,150,100,32,0.5730309899999999,0.26228207000000003,0.74503113,0.9886153846153846,0.9907618241369271,0.9811637066152741,0.9858175814872085
77,25,150,100,64,0.582682185,0.177299825,0.76858827,0.9976153846153846,0.9976751717949102,0.996438568099247,0.9970544611351897
78,25,150,100,128,0.61433155,0.40278821,0.80441224,0.9973076923076923,0.9972946282710351,0.9960589701349549,0.9966743916042465
79,25,150,500,32,0.34495649,0.304423565,0.6874025399999999,0.8733846153846154,0.9250113895216401,0.7758104058839553,0.8149787555006596
80,25,150,500,64,0.5490038399999999,0.7207962750000001,0.77516264,0.9933076923076923,0.9939200878527374,0.9895546758161846,0.99170726751099
81,25,150,500,128,0.5880613100000001,0.330224265,0.7822553999999999,0.9983076923076923,0.9978303798833273,0.9979948175533924,0.997912556007728
82,25,150,1000,32,0.5659695,0.8018115899999999,0.67076402,0.9254615384615384,0.9503769322636622,0.8695065276103937,0.8996724393150268
83,25,150,1000,64,0.54928746,0.51589874,0.72593806,0.994,0.9942349590472503,0.9909457125563327,0.9925732129590314
84,25,150,1000,128,0.391091,0.366559755,0.7790742599999999,0.9990769230769231,0.9985336504105817,0.9991916315351184,0.9988619576516934
85,25,200,50,32,0.46910633999999996,0.800627115,0.7134801900000001,0.9962307692307693,0.9960451573404192,0.9946477709029342,0.9953433757784266
86,25,200,50,64,0.59519355,0.294807735,0.77171556,0.9986923076923077,0.998100495836298,0.998675830901254,0.9983876404130825
87,25,200,50,128,0.5617788349999999,0.367217695,0.77945246,0.9971538461538462,0.9972701519111807,0.9957039584388117,0.9964831898558877
88,25,200,100,32,0.32754783,0.17659569,0.7460118,0.9976153846153846,0.9976751717949102,0.996438568099247,0.9970544611351897
89,25,200,100,64,0.57633304,0.310741675,0.76714871,0.9973076923076923,0.9972946282710351,0.9960589701349549,0.9966743916042465
90,25,200,100,128,0.54134669,0.35105207,0.7900187700000001,0.9975384615384615,0.9973733608512574,0.9965501845006706,0.9969607034148017
91,25,200,500,32,0.44116764499999994,0.176460095,0.61606652,0.9727692307692307,0.9806010147101445,0.9526929248983824,0.9654296615306952
92,25,200,500,64,0.5698394099999999,0.170078135,0.75284106,0.9966153846153846,0.9974831592577278,0.9941722952528149,0.995810530387146
93,25,200,500,128,0.60545596,0.30475737999999997,0.79344845,0.9981538461538462,0.9977224122142477,0.9977224122142477,0.9977224122142477
94,25,200,1000,32,0.44052887499999993,0.7838399349999999,0.83171748,0.971,0.9747708155123564,0.953525368634153,0.9634224007949422
95,25,200,1000,64,0.51349577,0.332609975,0.78500639,0.9969230769230769,0.9965307884339694,0.9958735949290851,0.9962015083459728
96,25,200,1000,128,0.574706345,0.67696905,0.79357306,0.9975384615384615,0.9968003501668764,0.9971284289996609,0.9969642190303125
97,42,50,50,32,0.40719129499999995,0.34821287,0.7753555000000001,0.9926923076923077,0.993832816627021,0.9881346290316114,0.9909325502071853
98,42,50,50,64,0.22263454,0.38012843500000004,0.76584957,0.9983076923076923,0.9981587287204853,0.9976643921253979,0.9979111753462833
99,42,50,50,128,0.35586152000000004,0.39873338,0.79145035,0.9969230769230769,0.9968602857918709,0.9955431695010906,0.9961989894516402
100,42,50,100,32,0.37948502999999995,0.10984022999999998,0.54673087,0.9856153846153846,0.9860873328319717,0.9783299932119124,0.9821122406349394
101,42,50,100,64,0.56172747,0.77295585,0.7623714699999999,0.9976923076923077,0.9963448265966703,0.997979078837796,0.9971577028046827
102,42,50,100,128,0.5391639650000001,0.274421545,0.7570449899999999,0.9986153846153846,0.9978026205881239,0.9987874473026777,0.9982934989808105
103,42,50,500,32,0.51164192,0.18312203000000002,0.6682879100000001,0.7176153846153847,0.3588076923076923,0.5,0.4177974830937346
104,42,50,500,64,0.13048026000000001,0.27692826,0.74095344,0.9890769230769231,0.9910790041936758,0.9819809226327081,0.9863994871707822
105,42,50,500,128,0.561999255,0.23754591,0.7498179899999999,0.9953076923076923,0.9940099239609577,0.9944176469370429,0.9942135199886875
106,42,50,1000,32,0.518058515,0.23785364999999997,0.61467892,0.7176153846153847,0.3588076923076923,0.5,0.4177974830937346
107,42,50,1000,64,0.550946375,0.72024799,0.7496657099999999,0.9881538461538462,0.989398792037603,0.9813377668818237,0.9852651605747158
108,42,50,1000,128,0.25452572500000004,0.32206777,0.74017387,0.9957692307692307,0.9949020408430367,0.9946566184554866,0.994779233842563
109,42,100,50,32,0.55163129,0.797564705,0.75197329,0.9923846153846154,0.9937057882263434,0.9875072119963235,0.9905459900816932
110,42,100,50,64,0.27062542,0.22475869,0.76810806,0.9975384615384615,0.9973733608512574,0.9965501845006706,0.9969607034148017
111,42,100,50,128,0.577120585,0.713481715,0.79907726,0.9984615384615385,0.997938392515183,0.9982672228925371,0.9981026368939454
112,42,100,100,32,0.559460575,0.6840424,0.7736278699999999,0.9923076923076923,0.992970379409267,0.9880318601827403,0.9904625289047735
113,42,100,100,64,0.415514825,0.2076777,0.7418238699999999,0.9984615384615385,0.9984312937081492,0.9977715847505453,0.9981007541729865
114,42,100,100,128,0.18718707500000004,0.642622265,0.79904984,0.9976923076923077,0.99666607517735,0.9976486534098015,0.9971558316346842
115,42,100,500,32,0.52206619,0.26587931,0.7512460400000001,0.794,0.8884817189972516,0.6352492508853174,0.6501495953657594
116,42,100,500,64,0.543934885,0.17687366,0.73251736,0.9927692307692307,0.9934608435956105,0.988683863486177,0.9910362810266442
117,42,100,500,128,0.596715405,0.315624845,0.7564765099999999,0.9972307692307693,0.9970755486769414,0.9960879801793798,0.9965802247844555
118,42,100,1000,32,0.31657533,0.177223965,0.8300026200000001,0.7176153846153847,0.3588076923076923,0.5,0.4177974830937346
119,42,100,1000,64,0.587575175,0.7044415399999999,0.7681851399999999,0.9973076923076923,0.9971293923544073,0.9962241828489522,0.9966754939972975
120,42,100,1000,128,0.39062538,0.263173435,0.7816966299999999,0.9973076923076923,0.9976271610913512,0.9957285447069604,0.996672182286825
121,42,150,50,32,0.584381295,0.34426020500000004,0.76272654,0.9986923076923077,0.9980191033774958,0.9987584372582526,0.9983879062212807
122,42,150,50,64,0.576176945,0.260403515,0.7968230099999999,0.9974615384615385,0.9972371132838824,0.9964965881880968,0.9968659849353521
123,42,150,50,128,0.44337728,0.54759366,0.8033002600000001,0.9977692307692307,0.9974526895495306,0.9970413988663862,0.9972467770878484
124,42,150,100,32,0.56835283,0.800679745,0.75069247,0.988,0.9898999221495315,0.9804871170436887,0.9850535084397856
125,42,150,100,64,0.549255195,0.240676805,0.77804596,0.9973846153846154,0.9971009400162233,0.9964429918755231,0.9967712820940768
126,42,150,100,128,0.5540366250000001,0.35925861,0.7828484099999999,0.9978461538461538,0.99775358810958,0.9969297824649626,0.9973406154879515
127,42,150,500,32,0.45666593,0.80246122,0.6094606899999999,0.8909230769230769,0.9340281008653577,0.8068646145464451,0.845001553179619
128,42,150,500,64,0.33908171,0.2646053,0.7555524000000001,0.995,0.9951840273671336,0.9924685281897769,0.9938146225090836
129,42,150,500,128,0.5785129250000001,0.32174188000000004,0.75807301,0.9981538461538462,0.9979687412085105,0.9974745931432518,0.9977212821959455
130,42,150,1000,32,0.557040545,0.687141635,0.65336881,0.9851538461538462,0.9848378104025575,0.9784214471214634,0.9815632417805364
131,42,150,1000,64,0.38932441500000003,0.279547525,0.7297921700000001,0.9952307692307693,0.9952621413019669,0.9929597425554926,0.9941025571458555
132,42,150,1000,128,0.46606666,0.22820459999999998,0.7695475599999999,0.9987692307692307,0.9980732140192359,0.998894639927825,0.9984828602891715
133,42,200,50,32,0.352462155,0.272442835,0.74721455,0.9972307692307693,0.996746913309158,0.9964184056073744,0.9965824886895711
134,42,200,50,64,0.56419743,0.31697076,0.77537817,0.9977692307692307,0.9973706517974292,0.9971240052233847,0.997247232389715
135,42,200,50,128,0.5987188099999999,0.46297833499999996,0.75319918,0.9978461538461538,0.9975066116399633,0.9971776015359585,0.9973419356474442
136,42,200,100,32,0.37713949999999996,0.33329276,0.75129857,0.9985384615384615,0.9979109158300938,0.998486031919108,0.9981979510499157
137,42,200,100,64,0.60912374,0.29474228,0.78035726,0.9982307692307693,0.997776390430386,0.9978586148838201,0.9978174919784254
138,42,200,100,128,0.58465745,0.31142799,0.77864447,0.9985384615384615,0.9982379362812527,0.9981556064911135,0.9981967606974197
139,42,200,500,32,0.449370285,0.1868578,0.66378325,0.925923076923077,0.9517789155498305,0.8696628927718386,0.9001887945812921
140,42,200,500,64,0.5831405000000001,0.329661845,0.75434883,0.9969230769230769,0.9971092086909017,0.9952953504300948,0.9961970957512783
141,42,200,500,128,0.5622276500000001,0.33960940000000006,0.77956534,0.9988461538461538,0.9984534955978516,0.9987004171694027,0.9985768602215829
142,42,200,1000,32,0.44056752000000005,0.781213365,0.8034065699999999,0.9696153846153847,0.9588497672970789,0.9670993538395852,0.9628519813649913
143,42,200,1000,64,0.4608364,0.5101886500000001,0.75035191,0.9961538461538462,0.9946121142506468,0.9959158763023386,0.9952612797653234
144,42,200,1000,128,0.45245772,0.33166044,0.77613582,0.9984615384615385,0.9978568389166012,0.9983498292495356,0.9981029499303695
145,100,50,50,32,0.43109069499999997,0.153412435,0.78238998,0.9891538461538462,0.9916603323645576,0.9816214871602886,0.9864826157921587
146,100,50,50,64,0.30560539999999997,0.52269833,0.79163458,0.9965384615384615,0.996343269461347,0.9951099752242248,0.9957242177768884
147,100,50,50,128,0.611153605,0.615474635,0.76635339,0.9980769230769231,0.9976684452310235,0.9975862095446755,0.9976273167071312
148,100,50,100,32,0.44517515500000004,0.22077591000000002,0.7451086,0.9863846153846154,0.9876516427611318,0.9787007436236521,0.9830486886967265
149,100,50,100,64,0.31638362000000003,0.719809425,0.75430865,0.996,0.9953904852694614,0.9947348010362089,0.9950619608497646
150,100,50,100,128,0.4015387100000001,0.33523978499999996,0.7907826400000001,0.9986153846153846,0.9980464501409555,0.9985396282316816,0.9982926549373325
151,100,50,500,32,0.546119755,0.165233615,0.45179914000000004,0.7176153846153847,0.3588076923076923,0.5,0.4177974830937346
152,100,50,500,64,0.257856225,0.48438051,0.7443390700000001,0.9917692307692307,0.9930226932192963,0.9866654097107408,0.9897803078434301
153,100,50,500,128,0.56103351,0.17973299,0.75795928,0.996,0.9949843352242453,0.9951478328212022,0.9950660414728117
154,100,50,1000,32,0.5132321950000001,0.28565687500000003,0.6653006499999999,0.7169230769230769,0.3587098760680471,0.49951763318683673,0.4175627240143369
155,100,50,1000,64,0.5662798450000001,0.35160603,0.69219879,0.9863076923076923,0.9872540493265459,0.9788949663820743,0.9829630458598876
156,100,50,1000,128,0.5000391799999999,0.27730689500000005,0.75041362,0.9920769230769231,0.9909061078379319,0.9895231983849917,0.9902115858199578
157,100,100,50,32,0.548665345,0.80793594,0.7586081100000001,0.9921538461538462,0.9934604074564546,0.9871812103446052,0.9902586843828727
158,100,100,50,64,0.579535845,0.16242879000000002,0.79305521,0.9969230769230769,0.9960416552680054,0.9963692330710769,0.9962052737878908
159,100,100,50,128,0.199451325,0.696599605,0.8155591799999999,0.9985384615384615,0.9982379362812527,0.9981556064911135,0.9981967606974197
160,100,100,100,32,0.5681702900000001,0.7037782499999999,0.7378212199999999,0.9964615384615385,0.9962069345089117,0.9950563789116511,0.9956295627949094
161,100,100,100,64,0.24191706000000002,0.254630295,0.71307941,0.9965384615384615,0.9970924828112758,0.9943665180112372,0.9957178155832116
162,100,100,100,128,0.598369805,0.61241734,0.8070437899999999,0.9977692307692307,0.9974526895495306,0.9970413988663862,0.9972467770878484
163,100,100,500,32,0.52857095,0.25798522,0.7028329600000001,0.8302307692307692,0.9040286254932626,0.6994833146108804,0.7322932253484081
164,100,100,500,64,0.41147418999999996,0.176030515,0.78346454,0.9923076923076923,0.9934810337906921,0.9875362220407484,0.9904529067594154
165,100,100,500,128,0.6055410849999999,0.307150965,0.78566803,0.9976153846153846,0.9973448790052499,0.9967689935272415,0.997056412610606
166,100,100,1000,32,0.43297271000000004,0.115351655,0.8500909999999999,0.7176153846153847,0.3588076923076923,0.5,0.4177974830937346
167,100,100,1000,64,0.58971847,0.711032495,0.77081752,0.9971538461538462,0.9965294631305653,0.9964474156517993,0.9964884287265541
168,100,100,1000,128,0.226371165,0.29980023,0.7459606900000001,0.9956923076923077,0.9960010191201274,0.9933639267879334,0.9946715033021308
169,100,150,50,32,0.61988871,0.83789377,0.76906558,0.9989230769230769,0.9982627004989237,0.999084438909971,0.9986725027530251
170,100,150,50,64,0.6056225749999999,0.22378346999999998,0.7856821500000001,0.9981538461538462,0.9973963575542593,0.9980528376422423,0.9977239153033868
171,100,150,50,128,0.45389652500000005,0.35357229000000007,0.78840548,0.9977692307692307,0.9977825499613204,0.9967109734383917,0.997244952762596
172,100,150,100,32,0.5673402999999999,0.27695675500000005,0.7757403399999999,0.991,0.9925775321950827,0.985220776658019,0.9888138727041218
173,100,150,100,64,0.540713785,0.37637622,0.78554611,0.9983846153846154,0.9978843805769624,0.9981310202229647,0.998007604310216
174,100,150,100,128,0.55064533,0.62794299,0.8110894500000001,0.9976153846153846,0.9976751717949102,0.996438568099247,0.9970544611351897
175,100,150,500,32,0.31261335,0.7530196100000001,0.79288727,0.9306923076923077,0.9558227534860309,0.8773640010723351,0.9070439253205197
176,100,150,500,64,0.54875845,0.32938952000000005,0.73283363,0.9957692307692307,0.9957219020605406,0.9938305548855002,0.9947705721650106
177,100,150,500,128,0.57785014,0.269481925,0.8031115799999999,0.9981538461538462,0.9972343478827368,0.9982180503562396,0.9977246653077474
178,100,150,1000,32,0.549497295,0.69216704,0.79289257,0.9415384615384615,0.959418699793795,0.8983859173360025,0.9230515308010081
179,100,150,1000,64,0.609489385,0.4389545,0.75205454,0.9954615384615385,0.9955066197240605,0.9932857442072109,0.9943883841747312
180,100,150,1000,128,0.49567252,0.19955731,0.76144068,0.9986153846153846,0.9980464501409555,0.9985396282316816,0.9982926549373325
181,100,200,50,32,0.443883065,0.15961697,0.7648169800000001,0.9965384615384615,0.996014745942831,0.9954404006522194,0.9957270505637827
182,100,200,50,64,0.5098268899999999,0.350570055,0.77026368,0.9978461538461538,0.9975066116399633,0.9971776015359585,0.9973419356474442
183,100,200,50,128,0.61682253,0.36616338,0.7873584299999998,0.9979230769230769,0.9976426455861056,0.9972311978485322,0.9974366545300657
184,100,200,100,32,0.459184415,0.174200265,0.75637206,0.9976153846153846,0.9976751717949102,0.996438568099247,0.9970544611351897
185,100,200,100,64,0.5373881,0.390078505,0.7602828799999999,0.9981538461538462,0.9977224122142477,0.9977224122142477,0.9977224122142477
186,100,200,100,128,0.585760695,0.32926742500000006,0.81459267,0.9976923076923077,0.9975634744804187,0.9967399834828166,0.9971506594513766
187,100,200,500,32,0.51417978,0.20899303000000002,0.6499632399999999,0.9728461538461538,0.9807521488132305,0.952746521210956,0.9655242149792755
188,100,200,500,64,0.579483745,0.30152662999999996,0.74772518,0.9973846153846154,0.9976806908686146,0.9958647473765327,0.9967675313885866
189,100,200,500,128,0.562826585,0.68682402,0.7975181699999999,0.9979230769230769,0.9975605449477671,0.9973138042055307,0.9974370784318036
190,100,200,1000,32,0.44504372499999995,0.7238413349999999,0.75867152,0.9302307692307692,0.9496365329676562,0.8801814647628408,0.907211819849596
191,100,200,1000,64,0.56282188,0.16085723,0.7303871799999999,0.9976923076923077,0.9969087827948292,0.9974008343388057,0.9971544248955543
192,100,200,1000,128,0.394920225,0.353774865,0.7890200599999999,0.9980769230769231,0.9976684452310235,0.9975862095446755,0.9976273167071312
